"";"date";"dead"
"20151";"2015-1-1";295
"20152";"2015-1-2";272
"20153";"2015-1-3";281
"20154";"2015-1-4";256
"20155";"2015-1-5";268
"20156";"2015-1-6";256
"20157";"2015-1-7";309
"20158";"2015-1-8";294
"20159";"2015-1-9";272
"201510";"2015-1-10";285
"201511";"2015-1-11";282
"201512";"2015-1-12";287
"201513";"2015-1-13";262
"201514";"2015-1-14";272
"201515";"2015-1-15";299
"201516";"2015-1-16";287
"201517";"2015-1-17";265
"201518";"2015-1-18";263
"201519";"2015-1-19";275
"201520";"2015-1-20";265
"201521";"2015-1-21";283
"201522";"2015-1-22";308
"201523";"2015-1-23";278
"201524";"2015-1-24";259
"201525";"2015-1-25";278
"201526";"2015-1-26";261
"201527";"2015-1-27";269
"201528";"2015-1-28";276
"201529";"2015-1-29";292
"201530";"2015-1-30";300
"201531";"2015-1-31";288
"201532";"2015-2-1";289
"201533";"2015-2-2";279
"201534";"2015-2-3";264
"201535";"2015-2-4";254
"201536";"2015-2-5";255
"201537";"2015-2-6";269
"201538";"2015-2-7";284
"201539";"2015-2-8";263
"201540";"2015-2-9";281
"201541";"2015-2-10";278
"201542";"2015-2-11";288
"201543";"2015-2-12";326
"201544";"2015-2-13";267
"201545";"2015-2-14";266
"201546";"2015-2-15";295
"201547";"2015-2-16";296
"201548";"2015-2-17";296
"201549";"2015-2-18";304
"201550";"2015-2-19";290
"201551";"2015-2-20";337
"201552";"2015-2-21";288
"201553";"2015-2-22";296
"201554";"2015-2-23";293
"201555";"2015-2-24";322
"201556";"2015-2-25";323
"201557";"2015-2-26";303
"201558";"2015-2-27";296
"201559";"2015-2-28";265
"201561";"2015-3-1";274
"201562";"2015-3-2";295
"201563";"2015-3-3";310
"201564";"2015-3-4";298
"201565";"2015-3-5";295
"201566";"2015-3-6";313
"201567";"2015-3-7";273
"201568";"2015-3-8";257
"201569";"2015-3-9";297
"201570";"2015-3-10";295
"201571";"2015-3-11";263
"201572";"2015-3-12";283
"201573";"2015-3-13";260
"201574";"2015-3-14";274
"201575";"2015-3-15";260
"201576";"2015-3-16";274
"201577";"2015-3-17";272
"201578";"2015-3-18";258
"201579";"2015-3-19";273
"201580";"2015-3-20";283
"201581";"2015-3-21";250
"201582";"2015-3-22";264
"201583";"2015-3-23";262
"201584";"2015-3-24";257
"201585";"2015-3-25";220
"201586";"2015-3-26";317
"201587";"2015-3-27";291
"201588";"2015-3-28";292
"201589";"2015-3-29";291
"201590";"2015-3-30";288
"201591";"2015-3-31";280
"201592";"2015-4-1";285
"201593";"2015-4-2";263
"201594";"2015-4-3";235
"201595";"2015-4-4";247
"201596";"2015-4-5";236
"201597";"2015-4-6";260
"201598";"2015-4-7";280
"201599";"2015-4-8";278
"2015100";"2015-4-9";258
"2015101";"2015-4-10";266
"2015102";"2015-4-11";250
"2015103";"2015-4-12";257
"2015104";"2015-4-13";252
"2015105";"2015-4-14";272
"2015106";"2015-4-15";258
"2015107";"2015-4-16";273
"2015108";"2015-4-17";274
"2015109";"2015-4-18";255
"2015110";"2015-4-19";260
"2015111";"2015-4-20";265
"2015112";"2015-4-21";263
"2015113";"2015-4-22";253
"2015114";"2015-4-23";235
"2015115";"2015-4-24";242
"2015116";"2015-4-25";255
"2015117";"2015-4-26";251
"2015118";"2015-4-27";220
"2015119";"2015-4-28";256
"2015120";"2015-4-29";265
"2015121";"2015-4-30";230
"2015122";"2015-5-1";235
"2015123";"2015-5-2";218
"2015124";"2015-5-3";232
"2015125";"2015-5-4";244
"2015126";"2015-5-5";237
"2015127";"2015-5-6";238
"2015128";"2015-5-7";235
"2015129";"2015-5-8";247
"2015130";"2015-5-9";222
"2015131";"2015-5-10";238
"2015132";"2015-5-11";220
"2015133";"2015-5-12";248
"2015134";"2015-5-13";252
"2015135";"2015-5-14";217
"2015136";"2015-5-15";246
"2015137";"2015-5-16";253
"2015138";"2015-5-17";232
"2015139";"2015-5-18";253
"2015140";"2015-5-19";222
"2015141";"2015-5-20";244
"2015142";"2015-5-21";239
"2015143";"2015-5-22";240
"2015144";"2015-5-23";217
"2015145";"2015-5-24";255
"2015146";"2015-5-25";220
"2015147";"2015-5-26";233
"2015148";"2015-5-27";219
"2015149";"2015-5-28";234
"2015150";"2015-5-29";240
"2015151";"2015-5-30";246
"2015152";"2015-5-31";235
"2015153";"2015-6-1";240
"2015154";"2015-6-2";224
"2015155";"2015-6-3";240
"2015156";"2015-6-4";229
"2015157";"2015-6-5";233
"2015158";"2015-6-6";236
"2015159";"2015-6-7";215
"2015160";"2015-6-8";228
"2015161";"2015-6-9";216
"2015162";"2015-6-10";214
"2015163";"2015-6-11";219
"2015164";"2015-6-12";256
"2015165";"2015-6-13";258
"2015166";"2015-6-14";218
"2015167";"2015-6-15";239
"2015168";"2015-6-16";206
"2015169";"2015-6-17";217
"2015170";"2015-6-18";226
"2015171";"2015-6-19";222
"2015172";"2015-6-20";245
"2015173";"2015-6-21";237
"2015174";"2015-6-22";236
"2015175";"2015-6-23";206
"2015176";"2015-6-24";222
"2015177";"2015-6-25";216
"2015178";"2015-6-26";219
"2015179";"2015-6-27";202
"2015180";"2015-6-28";224
"2015181";"2015-6-29";219
"2015182";"2015-6-30";205
"2015183";"2015-7-1";221
"2015184";"2015-7-2";243
"2015185";"2015-7-3";268
"2015186";"2015-7-4";249
"2015187";"2015-7-5";269
"2015188";"2015-7-6";244
"2015189";"2015-7-7";213
"2015190";"2015-7-8";225
"2015191";"2015-7-9";210
"2015192";"2015-7-10";207
"2015193";"2015-7-11";242
"2015194";"2015-7-12";219
"2015195";"2015-7-13";247
"2015196";"2015-7-14";215
"2015197";"2015-7-15";219
"2015198";"2015-7-16";196
"2015199";"2015-7-17";226
"2015200";"2015-7-18";227
"2015201";"2015-7-19";199
"2015202";"2015-7-20";216
"2015203";"2015-7-21";232
"2015204";"2015-7-22";212
"2015205";"2015-7-23";213
"2015206";"2015-7-24";206
"2015207";"2015-7-25";237
"2015208";"2015-7-26";222
"2015209";"2015-7-27";232
"2015210";"2015-7-28";241
"2015211";"2015-7-29";221
"2015212";"2015-7-30";224
"2015213";"2015-7-31";241
"2015214";"2015-8-1";206
"2015215";"2015-8-2";223
"2015216";"2015-8-3";215
"2015217";"2015-8-4";224
"2015218";"2015-8-5";229
"2015219";"2015-8-6";215
"2015220";"2015-8-7";205
"2015221";"2015-8-8";201
"2015222";"2015-8-9";235
"2015223";"2015-8-10";228
"2015224";"2015-8-11";221
"2015225";"2015-8-12";205
"2015226";"2015-8-13";218
"2015227";"2015-8-14";223
"2015228";"2015-8-15";225
"2015229";"2015-8-16";215
"2015230";"2015-8-17";210
"2015231";"2015-8-18";210
"2015232";"2015-8-19";241
"2015233";"2015-8-20";218
"2015234";"2015-8-21";249
"2015235";"2015-8-22";239
"2015236";"2015-8-23";196
"2015237";"2015-8-24";213
"2015238";"2015-8-25";218
"2015239";"2015-8-26";217
"2015240";"2015-8-27";215
"2015241";"2015-8-28";179
"2015242";"2015-8-29";208
"2015243";"2015-8-30";208
"2015244";"2015-8-31";203
"2015245";"2015-9-1";247
"2015246";"2015-9-2";274
"2015247";"2015-9-3";217
"2015248";"2015-9-4";224
"2015249";"2015-9-5";230
"2015250";"2015-9-6";253
"2015251";"2015-9-7";221
"2015252";"2015-9-8";209
"2015253";"2015-9-9";209
"2015254";"2015-9-10";228
"2015255";"2015-9-11";228
"2015256";"2015-9-12";246
"2015257";"2015-9-13";211
"2015258";"2015-9-14";225
"2015259";"2015-9-15";218
"2015260";"2015-9-16";228
"2015261";"2015-9-17";225
"2015262";"2015-9-18";234
"2015263";"2015-9-19";234
"2015264";"2015-9-20";202
"2015265";"2015-9-21";223
"2015266";"2015-9-22";231
"2015267";"2015-9-23";228
"2015268";"2015-9-24";246
"2015269";"2015-9-25";240
"2015270";"2015-9-26";241
"2015271";"2015-9-27";224
"2015272";"2015-9-28";212
"2015273";"2015-9-29";247
"2015274";"2015-9-30";261
"2015275";"2015-10-1";232
"2015276";"2015-10-2";248
"2015277";"2015-10-3";237
"2015278";"2015-10-4";214
"2015279";"2015-10-5";205
"2015280";"2015-10-6";201
"2015281";"2015-10-7";235
"2015282";"2015-10-8";219
"2015283";"2015-10-9";219
"2015284";"2015-10-10";223
"2015285";"2015-10-11";226
"2015286";"2015-10-12";214
"2015287";"2015-10-13";231
"2015288";"2015-10-14";233
"2015289";"2015-10-15";222
"2015290";"2015-10-16";252
"2015291";"2015-10-17";218
"2015292";"2015-10-18";204
"2015293";"2015-10-19";232
"2015294";"2015-10-20";231
"2015295";"2015-10-21";261
"2015296";"2015-10-22";251
"2015297";"2015-10-23";243
"2015298";"2015-10-24";254
"2015299";"2015-10-25";226
"2015300";"2015-10-26";203
"2015301";"2015-10-27";246
"2015302";"2015-10-28";220
"2015303";"2015-10-29";255
"2015304";"2015-10-30";250
"2015305";"2015-10-31";242
"2015306";"2015-11-1";242
"2015307";"2015-11-2";212
"2015308";"2015-11-3";252
"2015309";"2015-11-4";233
"2015310";"2015-11-5";224
"2015311";"2015-11-6";231
"2015312";"2015-11-7";251
"2015313";"2015-11-8";249
"2015314";"2015-11-9";233
"2015315";"2015-11-10";266
"2015316";"2015-11-11";267
"2015317";"2015-11-12";209
"2015318";"2015-11-13";253
"2015319";"2015-11-14";245
"2015320";"2015-11-15";237
"2015321";"2015-11-16";222
"2015322";"2015-11-17";247
"2015323";"2015-11-18";251
"2015324";"2015-11-19";214
"2015325";"2015-11-20";255
"2015326";"2015-11-21";270
"2015327";"2015-11-22";219
"2015328";"2015-11-23";233
"2015329";"2015-11-24";251
"2015330";"2015-11-25";241
"2015331";"2015-11-26";254
"2015332";"2015-11-27";240
"2015333";"2015-11-28";252
"2015334";"2015-11-29";220
"2015335";"2015-11-30";246
"2015336";"2015-12-1";236
"2015337";"2015-12-2";281
"2015338";"2015-12-3";258
"2015339";"2015-12-4";254
"2015340";"2015-12-5";281
"2015341";"2015-12-6";249
"2015342";"2015-12-7";244
"2015343";"2015-12-8";245
"2015344";"2015-12-9";230
"2015345";"2015-12-10";258
"2015346";"2015-12-11";237
"2015347";"2015-12-12";228
"2015348";"2015-12-13";227
"2015349";"2015-12-14";244
"2015350";"2015-12-15";250
"2015351";"2015-12-16";257
"2015352";"2015-12-17";240
"2015353";"2015-12-18";277
"2015354";"2015-12-19";240
"2015355";"2015-12-20";245
"2015356";"2015-12-21";260
"2015357";"2015-12-22";250
"2015358";"2015-12-23";232
"2015359";"2015-12-24";249
"2015360";"2015-12-25";268
"2015361";"2015-12-26";251
"2015362";"2015-12-27";227
"2015363";"2015-12-28";274
"2015364";"2015-12-29";292
"2015365";"2015-12-30";283
"2015366";"2015-12-31";255
"20161";"2016-1-1";245
"20162";"2016-1-2";272
"20163";"2016-1-3";293
"20164";"2016-1-4";260
"20165";"2016-1-5";260
"20166";"2016-1-6";246
"20167";"2016-1-7";270
"20168";"2016-1-8";292
"20169";"2016-1-9";276
"201610";"2016-1-10";256
"201611";"2016-1-11";271
"201612";"2016-1-12";300
"201613";"2016-1-13";249
"201614";"2016-1-14";260
"201615";"2016-1-15";270
"201616";"2016-1-16";274
"201617";"2016-1-17";290
"201618";"2016-1-18";275
"201619";"2016-1-19";276
"201620";"2016-1-20";308
"201621";"2016-1-21";276
"201622";"2016-1-22";255
"201623";"2016-1-23";269
"201624";"2016-1-24";299
"201625";"2016-1-25";316
"201626";"2016-1-26";277
"201627";"2016-1-27";286
"201628";"2016-1-28";275
"201629";"2016-1-29";309
"201630";"2016-1-30";267
"201631";"2016-1-31";276
"201632";"2016-2-1";250
"201633";"2016-2-2";262
"201634";"2016-2-3";300
"201635";"2016-2-4";267
"201636";"2016-2-5";261
"201637";"2016-2-6";266
"201638";"2016-2-7";303
"201639";"2016-2-8";260
"201640";"2016-2-9";281
"201641";"2016-2-10";246
"201642";"2016-2-11";296
"201643";"2016-2-12";257
"201644";"2016-2-13";258
"201645";"2016-2-14";239
"201646";"2016-2-15";257
"201647";"2016-2-16";249
"201648";"2016-2-17";279
"201649";"2016-2-18";244
"201650";"2016-2-19";268
"201651";"2016-2-20";279
"201652";"2016-2-21";262
"201653";"2016-2-22";255
"201654";"2016-2-23";272
"201655";"2016-2-24";266
"201656";"2016-2-25";272
"201657";"2016-2-26";261
"201658";"2016-2-27";263
"201659";"2016-2-28";256
"201660";"2016-2-29";243
"201661";"2016-3-1";231
"201662";"2016-3-2";249
"201663";"2016-3-3";303
"201664";"2016-3-4";305
"201665";"2016-3-5";268
"201666";"2016-3-6";262
"201667";"2016-3-7";285
"201668";"2016-3-8";256
"201669";"2016-3-9";268
"201670";"2016-3-10";253
"201671";"2016-3-11";261
"201672";"2016-3-12";232
"201673";"2016-3-13";255
"201674";"2016-3-14";222
"201675";"2016-3-15";255
"201676";"2016-3-16";253
"201677";"2016-3-17";273
"201678";"2016-3-18";264
"201679";"2016-3-19";253
"201680";"2016-3-20";280
"201681";"2016-3-21";265
"201682";"2016-3-22";251
"201683";"2016-3-23";274
"201684";"2016-3-24";252
"201685";"2016-3-25";230
"201686";"2016-3-26";264
"201687";"2016-3-27";259
"201688";"2016-3-28";234
"201689";"2016-3-29";240
"201690";"2016-3-30";258
"201691";"2016-3-31";254
"201692";"2016-4-1";252
"201693";"2016-4-2";277
"201694";"2016-4-3";263
"201695";"2016-4-4";255
"201696";"2016-4-5";241
"201697";"2016-4-6";245
"201698";"2016-4-7";247
"201699";"2016-4-8";210
"2016100";"2016-4-9";262
"2016101";"2016-4-10";245
"2016102";"2016-4-11";242
"2016103";"2016-4-12";259
"2016104";"2016-4-13";241
"2016105";"2016-4-14";251
"2016106";"2016-4-15";243
"2016107";"2016-4-16";273
"2016108";"2016-4-17";264
"2016109";"2016-4-18";248
"2016110";"2016-4-19";229
"2016111";"2016-4-20";246
"2016112";"2016-4-21";252
"2016113";"2016-4-22";258
"2016114";"2016-4-23";263
"2016115";"2016-4-24";275
"2016116";"2016-4-25";212
"2016117";"2016-4-26";244
"2016118";"2016-4-27";243
"2016119";"2016-4-28";228
"2016120";"2016-4-29";211
"2016121";"2016-4-30";227
"2016122";"2016-5-1";239
"2016123";"2016-5-2";233
"2016124";"2016-5-3";239
"2016125";"2016-5-4";260
"2016126";"2016-5-5";235
"2016127";"2016-5-6";226
"2016128";"2016-5-7";215
"2016129";"2016-5-8";211
"2016130";"2016-5-9";217
"2016131";"2016-5-10";247
"2016132";"2016-5-11";215
"2016133";"2016-5-12";241
"2016134";"2016-5-13";228
"2016135";"2016-5-14";217
"2016136";"2016-5-15";221
"2016137";"2016-5-16";251
"2016138";"2016-5-17";221
"2016139";"2016-5-18";222
"2016140";"2016-5-19";217
"2016141";"2016-5-20";222
"2016142";"2016-5-21";224
"2016143";"2016-5-22";208
"2016144";"2016-5-23";227
"2016145";"2016-5-24";230
"2016146";"2016-5-25";192
"2016147";"2016-5-26";201
"2016148";"2016-5-27";225
"2016149";"2016-5-28";272
"2016150";"2016-5-29";203
"2016151";"2016-5-30";218
"2016152";"2016-5-31";214
"2016153";"2016-6-1";220
"2016154";"2016-6-2";215
"2016155";"2016-6-3";243
"2016156";"2016-6-4";219
"2016157";"2016-6-5";212
"2016158";"2016-6-6";187
"2016159";"2016-6-7";196
"2016160";"2016-6-8";236
"2016161";"2016-6-9";201
"2016162";"2016-6-10";206
"2016163";"2016-6-11";207
"2016164";"2016-6-12";229
"2016165";"2016-6-13";223
"2016166";"2016-6-14";211
"2016167";"2016-6-15";219
"2016168";"2016-6-16";227
"2016169";"2016-6-17";223
"2016170";"2016-6-18";229
"2016171";"2016-6-19";209
"2016172";"2016-6-20";224
"2016173";"2016-6-21";215
"2016174";"2016-6-22";213
"2016175";"2016-6-23";209
"2016176";"2016-6-24";251
"2016177";"2016-6-25";244
"2016178";"2016-6-26";217
"2016179";"2016-6-27";211
"2016180";"2016-6-28";222
"2016181";"2016-6-29";197
"2016182";"2016-6-30";227
"2016183";"2016-7-1";235
"2016184";"2016-7-2";228
"2016185";"2016-7-3";221
"2016186";"2016-7-4";214
"2016187";"2016-7-5";210
"2016188";"2016-7-6";211
"2016189";"2016-7-7";224
"2016190";"2016-7-8";230
"2016191";"2016-7-9";220
"2016192";"2016-7-10";240
"2016193";"2016-7-11";247
"2016194";"2016-7-12";236
"2016195";"2016-7-13";219
"2016196";"2016-7-14";231
"2016197";"2016-7-15";210
"2016198";"2016-7-16";233
"2016199";"2016-7-17";229
"2016200";"2016-7-18";235
"2016201";"2016-7-19";226
"2016202";"2016-7-20";241
"2016203";"2016-7-21";201
"2016204";"2016-7-22";226
"2016205";"2016-7-23";251
"2016206";"2016-7-24";236
"2016207";"2016-7-25";264
"2016208";"2016-7-26";236
"2016209";"2016-7-27";233
"2016210";"2016-7-28";232
"2016211";"2016-7-29";230
"2016212";"2016-7-30";210
"2016213";"2016-7-31";225
"2016214";"2016-8-1";231
"2016215";"2016-8-2";228
"2016216";"2016-8-3";205
"2016217";"2016-8-4";245
"2016218";"2016-8-5";227
"2016219";"2016-8-6";214
"2016220";"2016-8-7";224
"2016221";"2016-8-8";208
"2016222";"2016-8-9";233
"2016223";"2016-8-10";213
"2016224";"2016-8-11";217
"2016225";"2016-8-12";227
"2016226";"2016-8-13";217
"2016227";"2016-8-14";259
"2016228";"2016-8-15";225
"2016229";"2016-8-16";246
"2016230";"2016-8-17";210
"2016231";"2016-8-18";228
"2016232";"2016-8-19";213
"2016233";"2016-8-20";231
"2016234";"2016-8-21";214
"2016235";"2016-8-22";222
"2016236";"2016-8-23";210
"2016237";"2016-8-24";227
"2016238";"2016-8-25";238
"2016239";"2016-8-26";234
"2016240";"2016-8-27";230
"2016241";"2016-8-28";206
"2016242";"2016-8-29";242
"2016243";"2016-8-30";242
"2016244";"2016-8-31";239
"2016245";"2016-9-1";235
"2016246";"2016-9-2";241
"2016247";"2016-9-3";252
"2016248";"2016-9-4";235
"2016249";"2016-9-5";219
"2016250";"2016-9-6";228
"2016251";"2016-9-7";237
"2016252";"2016-9-8";238
"2016253";"2016-9-9";241
"2016254";"2016-9-10";194
"2016255";"2016-9-11";199
"2016256";"2016-9-12";203
"2016257";"2016-9-13";207
"2016258";"2016-9-14";227
"2016259";"2016-9-15";236
"2016260";"2016-9-16";214
"2016261";"2016-9-17";233
"2016262";"2016-9-18";216
"2016263";"2016-9-19";196
"2016264";"2016-9-20";219
"2016265";"2016-9-21";222
"2016266";"2016-9-22";231
"2016267";"2016-9-23";240
"2016268";"2016-9-24";221
"2016269";"2016-9-25";202
"2016270";"2016-9-26";220
"2016271";"2016-9-27";256
"2016272";"2016-9-28";210
"2016273";"2016-9-29";245
"2016274";"2016-9-30";211
"2016275";"2016-10-1";243
"2016276";"2016-10-2";216
"2016277";"2016-10-3";219
"2016278";"2016-10-4";231
"2016279";"2016-10-5";233
"2016280";"2016-10-6";229
"2016281";"2016-10-7";247
"2016282";"2016-10-8";210
"2016283";"2016-10-9";229
"2016284";"2016-10-10";238
"2016285";"2016-10-11";233
"2016286";"2016-10-12";229
"2016287";"2016-10-13";220
"2016288";"2016-10-14";247
"2016289";"2016-10-15";266
"2016290";"2016-10-16";229
"2016291";"2016-10-17";268
"2016292";"2016-10-18";247
"2016293";"2016-10-19";253
"2016294";"2016-10-20";250
"2016295";"2016-10-21";230
"2016296";"2016-10-22";253
"2016297";"2016-10-23";249
"2016298";"2016-10-24";209
"2016299";"2016-10-25";225
"2016300";"2016-10-26";241
"2016301";"2016-10-27";242
"2016302";"2016-10-28";251
"2016303";"2016-10-29";212
"2016304";"2016-10-30";246
"2016305";"2016-10-31";262
"2016306";"2016-11-1";263
"2016307";"2016-11-2";227
"2016308";"2016-11-3";239
"2016309";"2016-11-4";232
"2016310";"2016-11-5";262
"2016311";"2016-11-6";233
"2016312";"2016-11-7";257
"2016313";"2016-11-8";241
"2016314";"2016-11-9";228
"2016315";"2016-11-10";245
"2016316";"2016-11-11";249
"2016317";"2016-11-12";247
"2016318";"2016-11-13";250
"2016319";"2016-11-14";265
"2016320";"2016-11-15";242
"2016321";"2016-11-16";255
"2016322";"2016-11-17";260
"2016323";"2016-11-18";260
"2016324";"2016-11-19";232
"2016325";"2016-11-20";257
"2016326";"2016-11-21";209
"2016327";"2016-11-22";264
"2016328";"2016-11-23";263
"2016329";"2016-11-24";254
"2016330";"2016-11-25";228
"2016331";"2016-11-26";239
"2016332";"2016-11-27";245
"2016333";"2016-11-28";269
"2016334";"2016-11-29";233
"2016335";"2016-11-30";253
"2016336";"2016-12-1";277
"2016337";"2016-12-2";275
"2016338";"2016-12-3";246
"2016339";"2016-12-4";237
"2016340";"2016-12-5";240
"2016341";"2016-12-6";242
"2016342";"2016-12-7";271
"2016343";"2016-12-8";274
"2016344";"2016-12-9";286
"2016345";"2016-12-10";270
"2016346";"2016-12-11";259
"2016347";"2016-12-12";243
"2016348";"2016-12-13";265
"2016349";"2016-12-14";240
"2016350";"2016-12-15";291
"2016351";"2016-12-16";261
"2016352";"2016-12-17";268
"2016353";"2016-12-18";290
"2016354";"2016-12-19";244
"2016355";"2016-12-20";259
"2016356";"2016-12-21";254
"2016357";"2016-12-22";246
"2016358";"2016-12-23";270
"2016359";"2016-12-24";309
"2016360";"2016-12-25";286
"2016361";"2016-12-26";292
"2016362";"2016-12-27";249
"2016363";"2016-12-28";262
"2016364";"2016-12-29";274
"2016365";"2016-12-30";307
"2016366";"2016-12-31";289
"20171";"2017-1-1";339
"20172";"2017-1-2";317
"20173";"2017-1-3";310
"20174";"2017-1-4";305
"20175";"2017-1-5";304
"20176";"2017-1-6";304
"20177";"2017-1-7";313
"20178";"2017-1-8";296
"20179";"2017-1-9";288
"201710";"2017-1-10";304
"201711";"2017-1-11";322
"201712";"2017-1-12";298
"201713";"2017-1-13";311
"201714";"2017-1-14";290
"201715";"2017-1-15";309
"201716";"2017-1-16";306
"201717";"2017-1-17";304
"201718";"2017-1-18";296
"201719";"2017-1-19";297
"201720";"2017-1-20";295
"201721";"2017-1-21";281
"201722";"2017-1-22";281
"201723";"2017-1-23";288
"201724";"2017-1-24";253
"201725";"2017-1-25";304
"201726";"2017-1-26";257
"201727";"2017-1-27";276
"201728";"2017-1-28";263
"201729";"2017-1-29";269
"201730";"2017-1-30";256
"201731";"2017-1-31";265
"201732";"2017-2-1";293
"201733";"2017-2-2";293
"201734";"2017-2-3";281
"201735";"2017-2-4";256
"201736";"2017-2-5";239
"201737";"2017-2-6";247
"201738";"2017-2-7";258
"201739";"2017-2-8";298
"201740";"2017-2-9";278
"201741";"2017-2-10";288
"201742";"2017-2-11";225
"201743";"2017-2-12";287
"201744";"2017-2-13";278
"201745";"2017-2-14";280
"201746";"2017-2-15";270
"201747";"2017-2-16";287
"201748";"2017-2-17";305
"201749";"2017-2-18";297
"201750";"2017-2-19";293
"201751";"2017-2-20";292
"201752";"2017-2-21";310
"201753";"2017-2-22";294
"201754";"2017-2-23";317
"201755";"2017-2-24";281
"201756";"2017-2-25";284
"201757";"2017-2-26";291
"201758";"2017-2-27";254
"201759";"2017-2-28";299
"201761";"2017-3-1";318
"201762";"2017-3-2";274
"201763";"2017-3-3";315
"201764";"2017-3-4";277
"201765";"2017-3-5";252
"201766";"2017-3-6";293
"201767";"2017-3-7";259
"201768";"2017-3-8";264
"201769";"2017-3-9";267
"201770";"2017-3-10";261
"201771";"2017-3-11";245
"201772";"2017-3-12";241
"201773";"2017-3-13";268
"201774";"2017-3-14";283
"201775";"2017-3-15";260
"201776";"2017-3-16";285
"201777";"2017-3-17";252
"201778";"2017-3-18";264
"201779";"2017-3-19";237
"201780";"2017-3-20";260
"201781";"2017-3-21";242
"201782";"2017-3-22";257
"201783";"2017-3-23";231
"201784";"2017-3-24";229
"201785";"2017-3-25";256
"201786";"2017-3-26";217
"201787";"2017-3-27";279
"201788";"2017-3-28";260
"201789";"2017-3-29";244
"201790";"2017-3-30";253
"201791";"2017-3-31";233
"201792";"2017-4-1";257
"201793";"2017-4-2";256
"201794";"2017-4-3";251
"201795";"2017-4-4";277
"201796";"2017-4-5";250
"201797";"2017-4-6";260
"201798";"2017-4-7";291
"201799";"2017-4-8";234
"2017100";"2017-4-9";231
"2017101";"2017-4-10";224
"2017102";"2017-4-11";234
"2017103";"2017-4-12";264
"2017104";"2017-4-13";270
"2017105";"2017-4-14";246
"2017106";"2017-4-15";225
"2017107";"2017-4-16";256
"2017108";"2017-4-17";250
"2017109";"2017-4-18";219
"2017110";"2017-4-19";224
"2017111";"2017-4-20";264
"2017112";"2017-4-21";288
"2017113";"2017-4-22";264
"2017114";"2017-4-23";259
"2017115";"2017-4-24";257
"2017116";"2017-4-25";272
"2017117";"2017-4-26";247
"2017118";"2017-4-27";265
"2017119";"2017-4-28";232
"2017120";"2017-4-29";270
"2017121";"2017-4-30";229
"2017122";"2017-5-1";235
"2017123";"2017-5-2";233
"2017124";"2017-5-3";254
"2017125";"2017-5-4";273
"2017126";"2017-5-5";227
"2017127";"2017-5-6";228
"2017128";"2017-5-7";246
"2017129";"2017-5-8";228
"2017130";"2017-5-9";261
"2017131";"2017-5-10";235
"2017132";"2017-5-11";279
"2017133";"2017-5-12";235
"2017134";"2017-5-13";257
"2017135";"2017-5-14";229
"2017136";"2017-5-15";224
"2017137";"2017-5-16";220
"2017138";"2017-5-17";225
"2017139";"2017-5-18";243
"2017140";"2017-5-19";231
"2017141";"2017-5-20";254
"2017142";"2017-5-21";187
"2017143";"2017-5-22";220
"2017144";"2017-5-23";232
"2017145";"2017-5-24";251
"2017146";"2017-5-25";226
"2017147";"2017-5-26";245
"2017148";"2017-5-27";224
"2017149";"2017-5-28";248
"2017150";"2017-5-29";218
"2017151";"2017-5-30";235
"2017152";"2017-5-31";229
"2017153";"2017-6-1";220
"2017154";"2017-6-2";230
"2017155";"2017-6-3";260
"2017156";"2017-6-4";228
"2017157";"2017-6-5";237
"2017158";"2017-6-6";207
"2017159";"2017-6-7";219
"2017160";"2017-6-8";215
"2017161";"2017-6-9";244
"2017162";"2017-6-10";224
"2017163";"2017-6-11";203
"2017164";"2017-6-12";233
"2017165";"2017-6-13";239
"2017166";"2017-6-14";212
"2017167";"2017-6-15";220
"2017168";"2017-6-16";217
"2017169";"2017-6-17";240
"2017170";"2017-6-18";229
"2017171";"2017-6-19";212
"2017172";"2017-6-20";189
"2017173";"2017-6-21";209
"2017174";"2017-6-22";204
"2017175";"2017-6-23";227
"2017176";"2017-6-24";227
"2017177";"2017-6-25";223
"2017178";"2017-6-26";224
"2017179";"2017-6-27";203
"2017180";"2017-6-28";201
"2017181";"2017-6-29";221
"2017182";"2017-6-30";238
"2017183";"2017-7-1";239
"2017184";"2017-7-2";261
"2017185";"2017-7-3";215
"2017186";"2017-7-4";235
"2017187";"2017-7-5";219
"2017188";"2017-7-6";226
"2017189";"2017-7-7";225
"2017190";"2017-7-8";220
"2017191";"2017-7-9";209
"2017192";"2017-7-10";223
"2017193";"2017-7-11";202
"2017194";"2017-7-12";204
"2017195";"2017-7-13";235
"2017196";"2017-7-14";224
"2017197";"2017-7-15";229
"2017198";"2017-7-16";208
"2017199";"2017-7-17";217
"2017200";"2017-7-18";224
"2017201";"2017-7-19";225
"2017202";"2017-7-20";199
"2017203";"2017-7-21";239
"2017204";"2017-7-22";209
"2017205";"2017-7-23";199
"2017206";"2017-7-24";191
"2017207";"2017-7-25";214
"2017208";"2017-7-26";210
"2017209";"2017-7-27";250
"2017210";"2017-7-28";197
"2017211";"2017-7-29";211
"2017212";"2017-7-30";211
"2017213";"2017-7-31";208
"2017214";"2017-8-1";243
"2017215";"2017-8-2";246
"2017216";"2017-8-3";197
"2017217";"2017-8-4";205
"2017218";"2017-8-5";221
"2017219";"2017-8-6";216
"2017220";"2017-8-7";233
"2017221";"2017-8-8";235
"2017222";"2017-8-9";242
"2017223";"2017-8-10";194
"2017224";"2017-8-11";212
"2017225";"2017-8-12";217
"2017226";"2017-8-13";219
"2017227";"2017-8-14";195
"2017228";"2017-8-15";216
"2017229";"2017-8-16";216
"2017230";"2017-8-17";211
"2017231";"2017-8-18";235
"2017232";"2017-8-19";246
"2017233";"2017-8-20";226
"2017234";"2017-8-21";238
"2017235";"2017-8-22";214
"2017236";"2017-8-23";216
"2017237";"2017-8-24";226
"2017238";"2017-8-25";225
"2017239";"2017-8-26";203
"2017240";"2017-8-27";205
"2017241";"2017-8-28";215
"2017242";"2017-8-29";224
"2017243";"2017-8-30";220
"2017244";"2017-8-31";213
"2017245";"2017-9-1";238
"2017246";"2017-9-2";231
"2017247";"2017-9-3";227
"2017248";"2017-9-4";231
"2017249";"2017-9-5";224
"2017250";"2017-9-6";212
"2017251";"2017-9-7";240
"2017252";"2017-9-8";219
"2017253";"2017-9-9";233
"2017254";"2017-9-10";237
"2017255";"2017-9-11";242
"2017256";"2017-9-12";202
"2017257";"2017-9-13";223
"2017258";"2017-9-14";238
"2017259";"2017-9-15";226
"2017260";"2017-9-16";227
"2017261";"2017-9-17";232
"2017262";"2017-9-18";205
"2017263";"2017-9-19";214
"2017264";"2017-9-20";223
"2017265";"2017-9-21";235
"2017266";"2017-9-22";253
"2017267";"2017-9-23";248
"2017268";"2017-9-24";184
"2017269";"2017-9-25";215
"2017270";"2017-9-26";211
"2017271";"2017-9-27";225
"2017272";"2017-9-28";210
"2017273";"2017-9-29";236
"2017274";"2017-9-30";221
"2017275";"2017-10-1";214
"2017276";"2017-10-2";276
"2017277";"2017-10-3";232
"2017278";"2017-10-4";260
"2017279";"2017-10-5";223
"2017280";"2017-10-6";231
"2017281";"2017-10-7";244
"2017282";"2017-10-8";242
"2017283";"2017-10-9";238
"2017284";"2017-10-10";249
"2017285";"2017-10-11";247
"2017286";"2017-10-12";258
"2017287";"2017-10-13";243
"2017288";"2017-10-14";241
"2017289";"2017-10-15";219
"2017290";"2017-10-16";196
"2017291";"2017-10-17";245
"2017292";"2017-10-18";238
"2017293";"2017-10-19";263
"2017294";"2017-10-20";247
"2017295";"2017-10-21";233
"2017296";"2017-10-22";226
"2017297";"2017-10-23";223
"2017298";"2017-10-24";253
"2017299";"2017-10-25";228
"2017300";"2017-10-26";251
"2017301";"2017-10-27";220
"2017302";"2017-10-28";249
"2017303";"2017-10-29";220
"2017304";"2017-10-30";254
"2017305";"2017-10-31";252
"2017306";"2017-11-1";256
"2017307";"2017-11-2";233
"2017308";"2017-11-3";242
"2017309";"2017-11-4";266
"2017310";"2017-11-5";254
"2017311";"2017-11-6";209
"2017312";"2017-11-7";191
"2017313";"2017-11-8";227
"2017314";"2017-11-9";260
"2017315";"2017-11-10";251
"2017316";"2017-11-11";225
"2017317";"2017-11-12";245
"2017318";"2017-11-13";264
"2017319";"2017-11-14";249
"2017320";"2017-11-15";271
"2017321";"2017-11-16";237
"2017322";"2017-11-17";250
"2017323";"2017-11-18";242
"2017324";"2017-11-19";240
"2017325";"2017-11-20";247
"2017326";"2017-11-21";239
"2017327";"2017-11-22";249
"2017328";"2017-11-23";250
"2017329";"2017-11-24";238
"2017330";"2017-11-25";234
"2017331";"2017-11-26";243
"2017332";"2017-11-27";242
"2017333";"2017-11-28";248
"2017334";"2017-11-29";231
"2017335";"2017-11-30";256
"2017336";"2017-12-1";264
"2017337";"2017-12-2";241
"2017338";"2017-12-3";258
"2017339";"2017-12-4";247
"2017340";"2017-12-5";247
"2017341";"2017-12-6";251
"2017342";"2017-12-7";270
"2017343";"2017-12-8";259
"2017344";"2017-12-9";229
"2017345";"2017-12-10";262
"2017346";"2017-12-11";248
"2017347";"2017-12-12";270
"2017348";"2017-12-13";248
"2017349";"2017-12-14";289
"2017350";"2017-12-15";257
"2017351";"2017-12-16";228
"2017352";"2017-12-17";257
"2017353";"2017-12-18";242
"2017354";"2017-12-19";241
"2017355";"2017-12-20";255
"2017356";"2017-12-21";272
"2017357";"2017-12-22";240
"2017358";"2017-12-23";265
"2017359";"2017-12-24";300
"2017360";"2017-12-25";270
"2017361";"2017-12-26";262
"2017362";"2017-12-27";271
"2017363";"2017-12-28";273
"2017364";"2017-12-29";276
"2017365";"2017-12-30";275
"2017366";"2017-12-31";302
"20181";"2018-1-1";275
"20182";"2018-1-2";312
"20183";"2018-1-3";295
"20184";"2018-1-4";285
"20185";"2018-1-5";291
"20186";"2018-1-6";268
"20187";"2018-1-7";272
"20188";"2018-1-8";260
"20189";"2018-1-9";274
"201810";"2018-1-10";287
"201811";"2018-1-11";269
"201812";"2018-1-12";283
"201813";"2018-1-13";299
"201814";"2018-1-14";269
"201815";"2018-1-15";291
"201816";"2018-1-16";295
"201817";"2018-1-17";267
"201818";"2018-1-18";268
"201819";"2018-1-19";281
"201820";"2018-1-20";273
"201821";"2018-1-21";270
"201822";"2018-1-22";279
"201823";"2018-1-23";270
"201824";"2018-1-24";280
"201825";"2018-1-25";288
"201826";"2018-1-26";258
"201827";"2018-1-27";278
"201828";"2018-1-28";275
"201829";"2018-1-29";274
"201830";"2018-1-30";243
"201831";"2018-1-31";249
"201832";"2018-2-1";270
"201833";"2018-2-2";260
"201834";"2018-2-3";270
"201835";"2018-2-4";288
"201836";"2018-2-5";291
"201837";"2018-2-6";288
"201838";"2018-2-7";297
"201839";"2018-2-8";262
"201840";"2018-2-9";260
"201841";"2018-2-10";292
"201842";"2018-2-11";293
"201843";"2018-2-12";273
"201844";"2018-2-13";310
"201845";"2018-2-14";293
"201846";"2018-2-15";295
"201847";"2018-2-16";309
"201848";"2018-2-17";279
"201849";"2018-2-18";265
"201850";"2018-2-19";301
"201851";"2018-2-20";291
"201852";"2018-2-21";331
"201853";"2018-2-22";303
"201854";"2018-2-23";319
"201855";"2018-2-24";287
"201856";"2018-2-25";284
"201857";"2018-2-26";335
"201858";"2018-2-27";301
"201859";"2018-2-28";304
"201861";"2018-3-1";330
"201862";"2018-3-2";303
"201863";"2018-3-3";304
"201864";"2018-3-4";310
"201865";"2018-3-5";323
"201866";"2018-3-6";329
"201867";"2018-3-7";309
"201868";"2018-3-8";334
"201869";"2018-3-9";311
"201870";"2018-3-10";305
"201871";"2018-3-11";293
"201872";"2018-3-12";318
"201873";"2018-3-13";317
"201874";"2018-3-14";285
"201875";"2018-3-15";297
"201876";"2018-3-16";289
"201877";"2018-3-17";306
"201878";"2018-3-18";277
"201879";"2018-3-19";280
"201880";"2018-3-20";284
"201881";"2018-3-21";309
"201882";"2018-3-22";288
"201883";"2018-3-23";289
"201884";"2018-3-24";298
"201885";"2018-3-25";249
"201886";"2018-3-26";262
"201887";"2018-3-27";276
"201888";"2018-3-28";300
"201889";"2018-3-29";265
"201890";"2018-3-30";278
"201891";"2018-3-31";292
"201892";"2018-4-1";275
"201893";"2018-4-2";297
"201894";"2018-4-3";307
"201895";"2018-4-4";281
"201896";"2018-4-5";269
"201897";"2018-4-6";279
"201898";"2018-4-7";279
"201899";"2018-4-8";276
"2018100";"2018-4-9";250
"2018101";"2018-4-10";275
"2018102";"2018-4-11";233
"2018103";"2018-4-12";251
"2018104";"2018-4-13";269
"2018105";"2018-4-14";272
"2018106";"2018-4-15";232
"2018107";"2018-4-16";227
"2018108";"2018-4-17";272
"2018109";"2018-4-18";261
"2018110";"2018-4-19";223
"2018111";"2018-4-20";239
"2018112";"2018-4-21";217
"2018113";"2018-4-22";248
"2018114";"2018-4-23";233
"2018115";"2018-4-24";226
"2018116";"2018-4-25";249
"2018117";"2018-4-26";245
"2018118";"2018-4-27";225
"2018119";"2018-4-28";235
"2018120";"2018-4-29";226
"2018121";"2018-4-30";244
"2018122";"2018-5-1";249
"2018123";"2018-5-2";252
"2018124";"2018-5-3";254
"2018125";"2018-5-4";224
"2018126";"2018-5-5";222
"2018127";"2018-5-6";216
"2018128";"2018-5-7";234
"2018129";"2018-5-8";231
"2018130";"2018-5-9";220
"2018131";"2018-5-10";230
"2018132";"2018-5-11";225
"2018133";"2018-5-12";213
"2018134";"2018-5-13";219
"2018135";"2018-5-14";238
"2018136";"2018-5-15";223
"2018137";"2018-5-16";233
"2018138";"2018-5-17";225
"2018139";"2018-5-18";204
"2018140";"2018-5-19";185
"2018141";"2018-5-20";178
"2018142";"2018-5-21";210
"2018143";"2018-5-22";201
"2018144";"2018-5-23";219
"2018145";"2018-5-24";223
"2018146";"2018-5-25";207
"2018147";"2018-5-26";213
"2018148";"2018-5-27";187
"2018149";"2018-5-28";215
"2018150";"2018-5-29";212
"2018151";"2018-5-30";214
"2018152";"2018-5-31";202
"2018153";"2018-6-1";213
"2018154";"2018-6-2";205
"2018155";"2018-6-3";220
"2018156";"2018-6-4";217
"2018157";"2018-6-5";214
"2018158";"2018-6-6";194
"2018159";"2018-6-7";228
"2018160";"2018-6-8";229
"2018161";"2018-6-9";230
"2018162";"2018-6-10";201
"2018163";"2018-6-11";190
"2018164";"2018-6-12";208
"2018165";"2018-6-13";214
"2018166";"2018-6-14";202
"2018167";"2018-6-15";208
"2018168";"2018-6-16";213
"2018169";"2018-6-17";206
"2018170";"2018-6-18";226
"2018171";"2018-6-19";212
"2018172";"2018-6-20";215
"2018173";"2018-6-21";227
"2018174";"2018-6-22";214
"2018175";"2018-6-23";186
"2018176";"2018-6-24";220
"2018177";"2018-6-25";223
"2018178";"2018-6-26";246
"2018179";"2018-6-27";265
"2018180";"2018-6-28";222
"2018181";"2018-6-29";235
"2018182";"2018-6-30";216
"2018183";"2018-7-1";226
"2018184";"2018-7-2";216
"2018185";"2018-7-3";213
"2018186";"2018-7-4";236
"2018187";"2018-7-5";226
"2018188";"2018-7-6";244
"2018189";"2018-7-7";234
"2018190";"2018-7-8";219
"2018191";"2018-7-9";199
"2018192";"2018-7-10";207
"2018193";"2018-7-11";223
"2018194";"2018-7-12";257
"2018195";"2018-7-13";247
"2018196";"2018-7-14";231
"2018197";"2018-7-15";221
"2018198";"2018-7-16";258
"2018199";"2018-7-17";237
"2018200";"2018-7-18";254
"2018201";"2018-7-19";238
"2018202";"2018-7-20";250
"2018203";"2018-7-21";262
"2018204";"2018-7-22";225
"2018205";"2018-7-23";232
"2018206";"2018-7-24";242
"2018207";"2018-7-25";211
"2018208";"2018-7-26";215
"2018209";"2018-7-27";275
"2018210";"2018-7-28";239
"2018211";"2018-7-29";228
"2018212";"2018-7-30";238
"2018213";"2018-7-31";256
"2018214";"2018-8-1";277
"2018215";"2018-8-2";239
"2018216";"2018-8-3";241
"2018217";"2018-8-4";252
"2018218";"2018-8-5";220
"2018219";"2018-8-6";200
"2018220";"2018-8-7";208
"2018221";"2018-8-8";223
"2018222";"2018-8-9";203
"2018223";"2018-8-10";220
"2018224";"2018-8-11";194
"2018225";"2018-8-12";202
"2018226";"2018-8-13";214
"2018227";"2018-8-14";220
"2018228";"2018-8-15";208
"2018229";"2018-8-16";243
"2018230";"2018-8-17";224
"2018231";"2018-8-18";192
"2018232";"2018-8-19";204
"2018233";"2018-8-20";192
"2018234";"2018-8-21";232
"2018235";"2018-8-22";191
"2018236";"2018-8-23";243
"2018237";"2018-8-24";213
"2018238";"2018-8-25";211
"2018239";"2018-8-26";213
"2018240";"2018-8-27";185
"2018241";"2018-8-28";251
"2018242";"2018-8-29";198
"2018243";"2018-8-30";238
"2018244";"2018-8-31";240
"2018245";"2018-9-1";245
"2018246";"2018-9-2";227
"2018247";"2018-9-3";245
"2018248";"2018-9-4";213
"2018249";"2018-9-5";228
"2018250";"2018-9-6";222
"2018251";"2018-9-7";249
"2018252";"2018-9-8";248
"2018253";"2018-9-9";212
"2018254";"2018-9-10";222
"2018255";"2018-9-11";228
"2018256";"2018-9-12";216
"2018257";"2018-9-13";214
"2018258";"2018-9-14";195
"2018259";"2018-9-15";231
"2018260";"2018-9-16";210
"2018261";"2018-9-17";241
"2018262";"2018-9-18";239
"2018263";"2018-9-19";222
"2018264";"2018-9-20";254
"2018265";"2018-9-21";261
"2018266";"2018-9-22";210
"2018267";"2018-9-23";218
"2018268";"2018-9-24";238
"2018269";"2018-9-25";217
"2018270";"2018-9-26";215
"2018271";"2018-9-27";239
"2018272";"2018-9-28";224
"2018273";"2018-9-29";223
"2018274";"2018-9-30";197
"2018275";"2018-10-1";230
"2018276";"2018-10-2";198
"2018277";"2018-10-3";242
"2018278";"2018-10-4";266
"2018279";"2018-10-5";227
"2018280";"2018-10-6";219
"2018281";"2018-10-7";224
"2018282";"2018-10-8";266
"2018283";"2018-10-9";253
"2018284";"2018-10-10";228
"2018285";"2018-10-11";259
"2018286";"2018-10-12";236
"2018287";"2018-10-13";225
"2018288";"2018-10-14";248
"2018289";"2018-10-15";199
"2018290";"2018-10-16";211
"2018291";"2018-10-17";244
"2018292";"2018-10-18";205
"2018293";"2018-10-19";222
"2018294";"2018-10-20";235
"2018295";"2018-10-21";226
"2018296";"2018-10-22";230
"2018297";"2018-10-23";240
"2018298";"2018-10-24";233
"2018299";"2018-10-25";262
"2018300";"2018-10-26";242
"2018301";"2018-10-27";225
"2018302";"2018-10-28";228
"2018303";"2018-10-29";265
"2018304";"2018-10-30";241
"2018305";"2018-10-31";247
"2018306";"2018-11-1";237
"2018307";"2018-11-2";220
"2018308";"2018-11-3";270
"2018309";"2018-11-4";226
"2018310";"2018-11-5";207
"2018311";"2018-11-6";264
"2018312";"2018-11-7";253
"2018313";"2018-11-8";223
"2018314";"2018-11-9";229
"2018315";"2018-11-10";234
"2018316";"2018-11-11";230
"2018317";"2018-11-12";220
"2018318";"2018-11-13";222
"2018319";"2018-11-14";207
"2018320";"2018-11-15";225
"2018321";"2018-11-16";209
"2018322";"2018-11-17";214
"2018323";"2018-11-18";244
"2018324";"2018-11-19";193
"2018325";"2018-11-20";221
"2018326";"2018-11-21";203
"2018327";"2018-11-22";241
"2018328";"2018-11-23";238
"2018329";"2018-11-24";212
"2018330";"2018-11-25";226
"2018331";"2018-11-26";261
"2018332";"2018-11-27";249
"2018333";"2018-11-28";249
"2018334";"2018-11-29";226
"2018335";"2018-11-30";248
"2018336";"2018-12-1";284
"2018337";"2018-12-2";263
"2018338";"2018-12-3";266
"2018339";"2018-12-4";243
"2018340";"2018-12-5";237
"2018341";"2018-12-6";237
"2018342";"2018-12-7";275
"2018343";"2018-12-8";275
"2018344";"2018-12-9";254
"2018345";"2018-12-10";253
"2018346";"2018-12-11";222
"2018347";"2018-12-12";251
"2018348";"2018-12-13";260
"2018349";"2018-12-14";240
"2018350";"2018-12-15";243
"2018351";"2018-12-16";251
"2018352";"2018-12-17";240
"2018353";"2018-12-18";224
"2018354";"2018-12-19";270
"2018355";"2018-12-20";240
"2018356";"2018-12-21";282
"2018357";"2018-12-22";240
"2018358";"2018-12-23";245
"2018359";"2018-12-24";250
"2018360";"2018-12-25";244
"2018361";"2018-12-26";268
"2018362";"2018-12-27";240
"2018363";"2018-12-28";261
"2018364";"2018-12-29";263
"2018365";"2018-12-30";232
"2018366";"2018-12-31";258
"20191";"2019-1-1";300
"20192";"2019-1-2";276
"20193";"2019-1-3";271
"20194";"2019-1-4";282
"20195";"2019-1-5";275
"20196";"2019-1-6";281
"20197";"2019-1-7";280
"20198";"2019-1-8";274
"20199";"2019-1-9";239
"201910";"2019-1-10";254
"201911";"2019-1-11";269
"201912";"2019-1-12";250
"201913";"2019-1-13";254
"201914";"2019-1-14";262
"201915";"2019-1-15";284
"201916";"2019-1-16";260
"201917";"2019-1-17";262
"201918";"2019-1-18";261
"201919";"2019-1-19";250
"201920";"2019-1-20";260
"201921";"2019-1-21";255
"201922";"2019-1-22";266
"201923";"2019-1-23";247
"201924";"2019-1-24";274
"201925";"2019-1-25";263
"201926";"2019-1-26";290
"201927";"2019-1-27";233
"201928";"2019-1-28";234
"201929";"2019-1-29";253
"201930";"2019-1-30";270
"201931";"2019-1-31";245
"201932";"2019-2-1";276
"201933";"2019-2-2";244
"201934";"2019-2-3";290
"201935";"2019-2-4";293
"201936";"2019-2-5";285
"201937";"2019-2-6";250
"201938";"2019-2-7";239
"201939";"2019-2-8";265
"201940";"2019-2-9";268
"201941";"2019-2-10";282
"201942";"2019-2-11";258
"201943";"2019-2-12";268
"201944";"2019-2-13";272
"201945";"2019-2-14";263
"201946";"2019-2-15";222
"201947";"2019-2-16";253
"201948";"2019-2-17";228
"201949";"2019-2-18";248
"201950";"2019-2-19";293
"201951";"2019-2-20";261
"201952";"2019-2-21";265
"201953";"2019-2-22";273
"201954";"2019-2-23";242
"201955";"2019-2-24";238
"201956";"2019-2-25";278
"201957";"2019-2-26";241
"201958";"2019-2-27";241
"201959";"2019-2-28";258
"201961";"2019-3-1";268
"201962";"2019-3-2";262
"201963";"2019-3-3";224
"201964";"2019-3-4";253
"201965";"2019-3-5";254
"201966";"2019-3-6";250
"201967";"2019-3-7";240
"201968";"2019-3-8";215
"201969";"2019-3-9";238
"201970";"2019-3-10";240
"201971";"2019-3-11";251
"201972";"2019-3-12";266
"201973";"2019-3-13";257
"201974";"2019-3-14";260
"201975";"2019-3-15";294
"201976";"2019-3-16";240
"201977";"2019-3-17";261
"201978";"2019-3-18";225
"201979";"2019-3-19";255
"201980";"2019-3-20";226
"201981";"2019-3-21";228
"201982";"2019-3-22";237
"201983";"2019-3-23";226
"201984";"2019-3-24";235
"201985";"2019-3-25";237
"201986";"2019-3-26";265
"201987";"2019-3-27";213
"201988";"2019-3-28";211
"201989";"2019-3-29";251
"201990";"2019-3-30";252
"201991";"2019-3-31";236
"201992";"2019-4-1";227
"201993";"2019-4-2";238
"201994";"2019-4-3";247
"201995";"2019-4-4";253
"201996";"2019-4-5";259
"201997";"2019-4-6";220
"201998";"2019-4-7";254
"201999";"2019-4-8";235
"2019100";"2019-4-9";211
"2019101";"2019-4-10";227
"2019102";"2019-4-11";226
"2019103";"2019-4-12";235
"2019104";"2019-4-13";255
"2019105";"2019-4-14";223
"2019106";"2019-4-15";256
"2019107";"2019-4-16";240
"2019108";"2019-4-17";249
"2019109";"2019-4-18";231
"2019110";"2019-4-19";268
"2019111";"2019-4-20";246
"2019112";"2019-4-21";246
"2019113";"2019-4-22";232
"2019114";"2019-4-23";240
"2019115";"2019-4-24";255
"2019116";"2019-4-25";255
"2019117";"2019-4-26";241
"2019118";"2019-4-27";245
"2019119";"2019-4-28";230
"2019120";"2019-4-29";225
"2019121";"2019-4-30";217
"2019122";"2019-5-1";244
"2019123";"2019-5-2";249
"2019124";"2019-5-3";206
"2019125";"2019-5-4";241
"2019126";"2019-5-5";231
"2019127";"2019-5-6";239
"2019128";"2019-5-7";232
"2019129";"2019-5-8";229
"2019130";"2019-5-9";249
"2019131";"2019-5-10";235
"2019132";"2019-5-11";233
"2019133";"2019-5-12";226
"2019134";"2019-5-13";215
"2019135";"2019-5-14";217
"2019136";"2019-5-15";225
"2019137";"2019-5-16";220
"2019138";"2019-5-17";208
"2019139";"2019-5-18";224
"2019140";"2019-5-19";248
"2019141";"2019-5-20";204
"2019142";"2019-5-21";208
"2019143";"2019-5-22";219
"2019144";"2019-5-23";190
"2019145";"2019-5-24";230
"2019146";"2019-5-25";233
"2019147";"2019-5-26";202
"2019148";"2019-5-27";224
"2019149";"2019-5-28";218
"2019150";"2019-5-29";239
"2019151";"2019-5-30";223
"2019152";"2019-5-31";211
"2019153";"2019-6-1";237
"2019154";"2019-6-2";189
"2019155";"2019-6-3";246
"2019156";"2019-6-4";221
"2019157";"2019-6-5";244
"2019158";"2019-6-6";201
"2019159";"2019-6-7";200
"2019160";"2019-6-8";214
"2019161";"2019-6-9";218
"2019162";"2019-6-10";203
"2019163";"2019-6-11";202
"2019164";"2019-6-12";187
"2019165";"2019-6-13";198
"2019166";"2019-6-14";229
"2019167";"2019-6-15";218
"2019168";"2019-6-16";207
"2019169";"2019-6-17";228
"2019170";"2019-6-18";207
"2019171";"2019-6-19";233
"2019172";"2019-6-20";225
"2019173";"2019-6-21";202
"2019174";"2019-6-22";229
"2019175";"2019-6-23";202
"2019176";"2019-6-24";192
"2019177";"2019-6-25";227
"2019178";"2019-6-26";226
"2019179";"2019-6-27";213
"2019180";"2019-6-28";220
"2019181";"2019-6-29";208
"2019182";"2019-6-30";226
"2019183";"2019-7-1";226
"2019184";"2019-7-2";204
"2019185";"2019-7-3";212
"2019186";"2019-7-4";211
"2019187";"2019-7-5";218
"2019188";"2019-7-6";221
"2019189";"2019-7-7";245
"2019190";"2019-7-8";205
"2019191";"2019-7-9";197
"2019192";"2019-7-10";200
"2019193";"2019-7-11";241
"2019194";"2019-7-12";247
"2019195";"2019-7-13";237
"2019196";"2019-7-14";231
"2019197";"2019-7-15";221
"2019198";"2019-7-16";210
"2019199";"2019-7-17";218
"2019200";"2019-7-18";207
"2019201";"2019-7-19";216
"2019202";"2019-7-20";217
"2019203";"2019-7-21";193
"2019204";"2019-7-22";199
"2019205";"2019-7-23";180
"2019206";"2019-7-24";225
"2019207";"2019-7-25";204
"2019208";"2019-7-26";229
"2019209";"2019-7-27";261
"2019210";"2019-7-28";216
"2019211";"2019-7-29";189
"2019212";"2019-7-30";218
"2019213";"2019-7-31";225
"2019214";"2019-8-1";229
"2019215";"2019-8-2";213
"2019216";"2019-8-3";222
"2019217";"2019-8-4";195
"2019218";"2019-8-5";216
"2019219";"2019-8-6";231
"2019220";"2019-8-7";238
"2019221";"2019-8-8";214
"2019222";"2019-8-9";213
"2019223";"2019-8-10";233
"2019224";"2019-8-11";203
"2019225";"2019-8-12";237
"2019226";"2019-8-13";190
"2019227";"2019-8-14";204
"2019228";"2019-8-15";205
"2019229";"2019-8-16";227
"2019230";"2019-8-17";208
"2019231";"2019-8-18";215
"2019232";"2019-8-19";206
"2019233";"2019-8-20";230
"2019234";"2019-8-21";204
"2019235";"2019-8-22";219
"2019236";"2019-8-23";231
"2019237";"2019-8-24";227
"2019238";"2019-8-25";225
"2019239";"2019-8-26";223
"2019240";"2019-8-27";241
"2019241";"2019-8-28";226
"2019242";"2019-8-29";227
"2019243";"2019-8-30";235
"2019244";"2019-8-31";242
"2019245";"2019-9-1";248
"2019246";"2019-9-2";210
"2019247";"2019-9-3";204
"2019248";"2019-9-4";203
"2019249";"2019-9-5";222
"2019250";"2019-9-6";182
"2019251";"2019-9-7";208
"2019252";"2019-9-8";212
"2019253";"2019-9-9";233
"2019254";"2019-9-10";201
"2019255";"2019-9-11";220
"2019256";"2019-9-12";229
"2019257";"2019-9-13";199
"2019258";"2019-9-14";228
"2019259";"2019-9-15";249
"2019260";"2019-9-16";219
"2019261";"2019-9-17";230
"2019262";"2019-9-18";220
"2019263";"2019-9-19";211
"2019264";"2019-9-20";234
"2019265";"2019-9-21";219
"2019266";"2019-9-22";207
"2019267";"2019-9-23";237
"2019268";"2019-9-24";226
"2019269";"2019-9-25";238
"2019270";"2019-9-26";230
"2019271";"2019-9-27";246
"2019272";"2019-9-28";214
"2019273";"2019-9-29";257
"2019274";"2019-9-30";238
"2019275";"2019-10-1";247
"2019276";"2019-10-2";230
"2019277";"2019-10-3";238
"2019278";"2019-10-4";227
"2019279";"2019-10-5";224
"2019280";"2019-10-6";234
"2019281";"2019-10-7";212
"2019282";"2019-10-8";255
"2019283";"2019-10-9";229
"2019284";"2019-10-10";271
"2019285";"2019-10-11";233
"2019286";"2019-10-12";249
"2019287";"2019-10-13";205
"2019288";"2019-10-14";232
"2019289";"2019-10-15";218
"2019290";"2019-10-16";260
"2019291";"2019-10-17";239
"2019292";"2019-10-18";214
"2019293";"2019-10-19";233
"2019294";"2019-10-20";226
"2019295";"2019-10-21";217
"2019296";"2019-10-22";282
"2019297";"2019-10-23";249
"2019298";"2019-10-24";250
"2019299";"2019-10-25";240
"2019300";"2019-10-26";243
"2019301";"2019-10-27";243
"2019302";"2019-10-28";247
"2019303";"2019-10-29";224
"2019304";"2019-10-30";227
"2019305";"2019-10-31";240
"2019306";"2019-11-1";221
"2019307";"2019-11-2";236
"2019308";"2019-11-3";243
"2019309";"2019-11-4";235
"2019310";"2019-11-5";234
"2019311";"2019-11-6";234
"2019312";"2019-11-7";241
"2019313";"2019-11-8";273
"2019314";"2019-11-9";245
"2019315";"2019-11-10";236
"2019316";"2019-11-11";238
"2019317";"2019-11-12";247
"2019318";"2019-11-13";249
"2019319";"2019-11-14";248
"2019320";"2019-11-15";251
"2019321";"2019-11-16";214
"2019322";"2019-11-17";227
"2019323";"2019-11-18";246
"2019324";"2019-11-19";238
"2019325";"2019-11-20";263
"2019326";"2019-11-21";213
"2019327";"2019-11-22";264
"2019328";"2019-11-23";264
"2019329";"2019-11-24";224
"2019330";"2019-11-25";241
"2019331";"2019-11-26";250
"2019332";"2019-11-27";245
"2019333";"2019-11-28";243
"2019334";"2019-11-29";252
"2019335";"2019-11-30";218
"2019336";"2019-12-1";239
"2019337";"2019-12-2";235
"2019338";"2019-12-3";246
"2019339";"2019-12-4";268
"2019340";"2019-12-5";273
"2019341";"2019-12-6";235
"2019342";"2019-12-7";243
"2019343";"2019-12-8";231
"2019344";"2019-12-9";257
"2019345";"2019-12-10";227
"2019346";"2019-12-11";256
"2019347";"2019-12-12";284
"2019348";"2019-12-13";238
"2019349";"2019-12-14";248
"2019350";"2019-12-15";209
"2019351";"2019-12-16";248
"2019352";"2019-12-17";219
"2019353";"2019-12-18";266
"2019354";"2019-12-19";264
"2019355";"2019-12-20";279
"2019356";"2019-12-21";296
"2019357";"2019-12-22";254
"2019358";"2019-12-23";251
"2019359";"2019-12-24";257
"2019360";"2019-12-25";247
"2019361";"2019-12-26";266
"2019362";"2019-12-27";238
"2019363";"2019-12-28";215
"2019364";"2019-12-29";244
"2019365";"2019-12-30";226
"2019366";"2019-12-31";246
"20201";"2020-1-1";254
"20202";"2020-1-2";302
"20203";"2020-1-3";256
"20204";"2020-1-4";273
"20205";"2020-1-5";265
"20206";"2020-1-6";285
"20207";"2020-1-7";246
"20208";"2020-1-8";291
"20209";"2020-1-9";277
"202010";"2020-1-10";253
"202011";"2020-1-11";263
"202012";"2020-1-12";276
"202013";"2020-1-13";242
"202014";"2020-1-14";267
"202015";"2020-1-15";255
"202016";"2020-1-16";254
"202017";"2020-1-17";244
"202018";"2020-1-18";304
"202019";"2020-1-19";265
"202020";"2020-1-20";231
"202021";"2020-1-21";241
"202022";"2020-1-22";265
"202023";"2020-1-23";236
"202024";"2020-1-24";251
"202025";"2020-1-25";253
"202026";"2020-1-26";253
"202027";"2020-1-27";260
"202028";"2020-1-28";276
"202029";"2020-1-29";275
"202030";"2020-1-30";269
"202031";"2020-1-31";247
"202032";"2020-2-1";276
"202033";"2020-2-2";245
"202034";"2020-2-3";241
"202035";"2020-2-4";242
"202036";"2020-2-5";242
"202037";"2020-2-6";258
"202038";"2020-2-7";242
"202039";"2020-2-8";245
"202040";"2020-2-9";258
"202041";"2020-2-10";273
"202042";"2020-2-11";255
"202043";"2020-2-12";273
"202044";"2020-2-13";246
"202045";"2020-2-14";266
"202046";"2020-2-15";258
"202047";"2020-2-16";253
"202048";"2020-2-17";269
"202049";"2020-2-18";259
"202050";"2020-2-19";264
"202051";"2020-2-20";256
"202052";"2020-2-21";227
"202053";"2020-2-22";260
"202054";"2020-2-23";242
"202055";"2020-2-24";264
"202056";"2020-2-25";262
"202057";"2020-2-26";258
"202058";"2020-2-27";255
"202059";"2020-2-28";232
"202060";"2020-2-29";244
"202061";"2020-3-1";263
"202062";"2020-3-2";238
"202063";"2020-3-3";261
"202064";"2020-3-4";289
"202065";"2020-3-5";281
"202066";"2020-3-6";251
"202067";"2020-3-7";266
"202068";"2020-3-8";240
"202069";"2020-3-9";248
"202070";"2020-3-10";257
"202071";"2020-3-11";234
"202072";"2020-3-12";258
"202073";"2020-3-13";243
"202074";"2020-3-14";246
"202075";"2020-3-15";244
"202076";"2020-3-16";293
"202077";"2020-3-17";266
"202078";"2020-3-18";257
"202079";"2020-3-19";235
"202080";"2020-3-20";279
"202081";"2020-3-21";264
"202082";"2020-3-22";271
"202083";"2020-3-23";298
"202084";"2020-3-24";281
"202085";"2020-3-25";294
"202086";"2020-3-26";304
"202087";"2020-3-27";294
"202088";"2020-3-28";268
"202089";"2020-3-29";301
"202090";"2020-3-30";338
"202091";"2020-3-31";309
"202092";"2020-4-1";328
"202093";"2020-4-2";369
"202094";"2020-4-3";364
"202095";"2020-4-4";314
"202096";"2020-4-5";361
"202097";"2020-4-6";369
"202098";"2020-4-7";344
"202099";"2020-4-8";393
"2020100";"2020-4-9";364
"2020101";"2020-4-10";376
"2020102";"2020-4-11";366
"2020103";"2020-4-12";357
"2020104";"2020-4-13";354
"2020105";"2020-4-14";353
"2020106";"2020-4-15";398
"2020107";"2020-4-16";398
"2020108";"2020-4-17";358
"2020109";"2020-4-18";338
"2020110";"2020-4-19";326
"2020111";"2020-4-20";310
"2020112";"2020-4-21";333
"2020113";"2020-4-22";332
"2020114";"2020-4-23";326
"2020115";"2020-4-24";312
"2020116";"2020-4-25";331
"2020117";"2020-4-26";325
"2020118";"2020-4-27";300
"2020119";"2020-4-28";336
"2020120";"2020-4-29";322
"2020121";"2020-4-30";319
"2020122";"2020-5-1";360
"2020123";"2020-5-2";296
"2020124";"2020-5-3";306
"2020125";"2020-5-4";331
"2020126";"2020-5-5";309
"2020127";"2020-5-6";325
"2020128";"2020-5-7";328
"2020129";"2020-5-8";294
"2020130";"2020-5-9";284
"2020131";"2020-5-10";311
"2020132";"2020-5-11";319
"2020133";"2020-5-12";290
"2020134";"2020-5-13";284
"2020135";"2020-5-14";275
"2020136";"2020-5-15";276
"2020137";"2020-5-16";266
"2020138";"2020-5-17";279
"2020139";"2020-5-18";302
"2020140";"2020-5-19";259
"2020141";"2020-5-20";278
"2020142";"2020-5-21";249
"2020143";"2020-5-22";292
"2020144";"2020-5-23";270
"2020145";"2020-5-24";268
"2020146";"2020-5-25";242
"2020147";"2020-5-26";225
"2020148";"2020-5-27";245
"2020149";"2020-5-28";216
"2020150";"2020-5-29";230
"2020151";"2020-5-30";242
"2020152";"2020-5-31";256
"2020153";"2020-6-1";264
"2020154";"2020-6-2";269
"2020155";"2020-6-3";255
"2020156";"2020-6-4";227
"2020157";"2020-6-5";269
"2020158";"2020-6-6";233
"2020159";"2020-6-7";234
"2020160";"2020-6-8";231
"2020161";"2020-6-9";258
"2020162";"2020-6-10";278
"2020163";"2020-6-11";243
"2020164";"2020-6-12";244
"2020165";"2020-6-13";255
"2020166";"2020-6-14";212
"2020167";"2020-6-15";247
"2020168";"2020-6-16";238
"2020169";"2020-6-17";261
"2020170";"2020-6-18";255
"2020171";"2020-6-19";222
"2020172";"2020-6-20";234
"2020173";"2020-6-21";213
"2020174";"2020-6-22";229
"2020175";"2020-6-23";221
"2020176";"2020-6-24";226
"2020177";"2020-6-25";256
"2020178";"2020-6-26";222
"2020179";"2020-6-27";250
"2020180";"2020-6-28";270
"2020181";"2020-6-29";198
"2020182";"2020-6-30";228
"2020183";"2020-7-1";240
"2020184";"2020-7-2";238
"2020185";"2020-7-3";220
"2020186";"2020-7-4";230
"2020187";"2020-7-5";211
"2020188";"2020-7-6";228
"2020189";"2020-7-7";213
"2020190";"2020-7-8";218
"2020191";"2020-7-9";260
"2020192";"2020-7-10";235
"2020193";"2020-7-11";211
"2020194";"2020-7-12";206
"2020195";"2020-7-13";217
"2020196";"2020-7-14";193
"2020197";"2020-7-15";225
"2020198";"2020-7-16";201
"2020199";"2020-7-17";220
"2020200";"2020-7-18";246
"2020201";"2020-7-19";211
"2020202";"2020-7-20";226
"2020203";"2020-7-21";211
"2020204";"2020-7-22";197
"2020205";"2020-7-23";240
"2020206";"2020-7-24";244
"2020207";"2020-7-25";218
"2020208";"2020-7-26";204
"2020209";"2020-7-27";231
"2020210";"2020-7-28";212
"2020211";"2020-7-29";213
"2020212";"2020-7-30";214
"2020213";"2020-7-31";219
"2020214";"2020-8-1";213
"2020215";"2020-8-2";245
"2020216";"2020-8-3";218
"2020217";"2020-8-4";210
"2020218";"2020-8-5";213
"2020219";"2020-8-6";211
"2020220";"2020-8-7";265
"2020221";"2020-8-8";237
"2020222";"2020-8-9";217
"2020223";"2020-8-10";204
"2020224";"2020-8-11";232
"2020225";"2020-8-12";216
"2020226";"2020-8-13";264
"2020227";"2020-8-14";200
"2020228";"2020-8-15";212
"2020229";"2020-8-16";189
"2020230";"2020-8-17";220
"2020231";"2020-8-18";246
"2020232";"2020-8-19";214
"2020233";"2020-8-20";206
"2020234";"2020-8-21";243
"2020235";"2020-8-22";246
"2020236";"2020-8-23";203
"2020237";"2020-8-24";202
"2020238";"2020-8-25";226
"2020239";"2020-8-26";224
"2020240";"2020-8-27";208
"2020241";"2020-8-28";212
"2020242";"2020-8-29";207
"2020243";"2020-8-30";207
"2020244";"2020-8-31";179
"2020245";"2020-9-1";217
"2020246";"2020-9-2";217
"2020247";"2020-9-3";239
"2020248";"2020-9-4";210
"2020249";"2020-9-5";227
"2020250";"2020-9-6";228
"2020251";"2020-9-7";220
"2020252";"2020-9-8";194
"2020253";"2020-9-9";237
"2020254";"2020-9-10";196
"2020255";"2020-9-11";225
"2020256";"2020-9-12";219
"2020257";"2020-9-13";236
"2020258";"2020-9-14";196
"2020259";"2020-9-15";224
"2020260";"2020-9-16";227
"2020261";"2020-9-17";238
"2020262";"2020-9-18";200
"2020263";"2020-9-19";229
"2020264";"2020-9-20";199
"2020265";"2020-9-21";225
"2020266";"2020-9-22";209
"2020267";"2020-9-23";225
"2020268";"2020-9-24";244
"2020269";"2020-9-25";213
"2020270";"2020-9-26";238
"2020271";"2020-9-27";209
"2020272";"2020-9-28";242
"2020273";"2020-9-29";187
"2020274";"2020-9-30";220
"2020275";"2020-10-1";260
"2020276";"2020-10-2";253
"2020277";"2020-10-3";183
"2020278";"2020-10-4";202
"2020279";"2020-10-5";229
"2020280";"2020-10-6";212
"2020281";"2020-10-7";227
"2020282";"2020-10-8";219
"2020283";"2020-10-9";235
"2020284";"2020-10-10";228
"2020285";"2020-10-11";193
"2020286";"2020-10-12";231
"2020287";"2020-10-13";223
"2020288";"2020-10-14";245
"2020289";"2020-10-15";257
"2020290";"2020-10-16";217
"2020291";"2020-10-17";217
"2020292";"2020-10-18";222
"2020293";"2020-10-19";222
"2020294";"2020-10-20";226
"2020295";"2020-10-21";229
"2020296";"2020-10-22";201
"2020297";"2020-10-23";211
"2020298";"2020-10-24";237
"2020299";"2020-10-25";244
"2020300";"2020-10-26";251
"2020301";"2020-10-27";226
"2020302";"2020-10-28";238
"2020303";"2020-10-29";259
"2020304";"2020-10-30";237
"2020305";"2020-10-31";226
"2020306";"2020-11-1";254
"2020307";"2020-11-2";241
"2020308";"2020-11-3";226
"2020309";"2020-11-4";249
"2020310";"2020-11-5";232
"2020311";"2020-11-6";247
"2020312";"2020-11-7";240
"2020313";"2020-11-8";238
"2020314";"2020-11-9";241
"2020315";"2020-11-10";236
"2020316";"2020-11-11";249
"2020317";"2020-11-12";284
"2020318";"2020-11-13";277
"2020319";"2020-11-14";288
"2020320";"2020-11-15";293
"2020321";"2020-11-16";290
"2020322";"2020-11-17";286
"2020323";"2020-11-18";271
"2020324";"2020-11-19";292
"2020325";"2020-11-20";267
"2020326";"2020-11-21";297
"2020327";"2020-11-22";286
"2020328";"2020-11-23";279
"2020329";"2020-11-24";290
"2020330";"2020-11-25";297
"2020331";"2020-11-26";288
"2020332";"2020-11-27";277
"2020333";"2020-11-28";259
"2020334";"2020-11-29";269
"2020335";"2020-11-30";279
"2020336";"2020-12-1";317
"2020337";"2020-12-2";314
"2020338";"2020-12-3";328
"2020339";"2020-12-4";309
"2020340";"2020-12-5";284
"2020341";"2020-12-6";317
"2020342";"2020-12-7";283
"2020343";"2020-12-8";292
"2020344";"2020-12-9";297
"2020345";"2020-12-10";328
"2020346";"2020-12-11";323
"2020347";"2020-12-12";299
"2020348";"2020-12-13";295
"2020349";"2020-12-14";331
"2020350";"2020-12-15";327
"2020351";"2020-12-16";349
"2020352";"2020-12-17";358
"2020353";"2020-12-18";294
"2020354";"2020-12-19";313
"2020355";"2020-12-20";327
"2020356";"2020-12-21";324
"2020357";"2020-12-22";315
"2020358";"2020-12-23";312
"2020359";"2020-12-24";327
"2020360";"2020-12-25";329
"2020361";"2020-12-26";359
"2020362";"2020-12-27";350
"2020363";"2020-12-28";378
"2020364";"2020-12-29";315
"2020365";"2020-12-30";324
"2020366";"2020-12-31";340
"20211";"2021-1-1";321
"20212";"2021-1-2";357
"20213";"2021-1-3";338
"20214";"2021-1-4";306
"20215";"2021-1-5";352
"20216";"2021-1-6";337
"20217";"2021-1-7";336
"20218";"2021-1-8";339
"20219";"2021-1-9";297
"202110";"2021-1-10";332
"202111";"2021-1-11";330
"202112";"2021-1-12";321
"202113";"2021-1-13";343
"202114";"2021-1-14";336
"202115";"2021-1-15";298
"202116";"2021-1-16";327
"202117";"2021-1-17";318
"202118";"2021-1-18";318
"202119";"2021-1-19";349
"202120";"2021-1-20";344
"202121";"2021-1-21";303
"202122";"2021-1-22";330
"202123";"2021-1-23";312
"202124";"2021-1-24";280
"202125";"2021-1-25";291
"202126";"2021-1-26";292
"202127";"2021-1-27";297
"202128";"2021-1-28";298
"202129";"2021-1-29";309
"202130";"2021-1-30";283
"202131";"2021-1-31";285
"202132";"2021-2-1";277
"202133";"2021-2-2";256
"202134";"2021-2-3";258
"202135";"2021-2-4";281
"202136";"2021-2-5";243
"202137";"2021-2-6";271
"202138";"2021-2-7";247
"202139";"2021-2-8";278
"202140";"2021-2-9";259
"202141";"2021-2-10";285
"202142";"2021-2-11";246
"202143";"2021-2-12";278
"202144";"2021-2-13";242
"202145";"2021-2-14";260
"202146";"2021-2-15";256
"202147";"2021-2-16";263
"202148";"2021-2-17";251
"202149";"2021-2-18";257
"202150";"2021-2-19";240
"202151";"2021-2-20";289
"202152";"2021-2-21";261
"202153";"2021-2-22";260
"202154";"2021-2-23";248
"202155";"2021-2-24";271
"202156";"2021-2-25";268
"202157";"2021-2-26";218
"202158";"2021-2-27";231
"202159";"2021-2-28";235
"202161";"2021-3-1";225
"202162";"2021-3-2";228
"202163";"2021-3-3";237
"202164";"2021-3-4";188
"202165";"2021-3-5";182
"202166";"2021-3-6";160
"202167";"2021-3-7";171
"202168";"2021-3-8";152
"202169";"2021-3-9";79
"202170";"2021-3-10";44
"202171";"2021-3-11";41
"202172";"2021-3-12";6
